class,precision,recall,f1,auc,support
Non-Malicious,0.965386967155835,0.88414,0.9229789544012026,0.7707540069150981,50000.0
Malicious,0.14946410218763764,0.3910872070687668,0.21627363501168473,0.7707540069150981,2603.0
macro_avg,0.5574255346717364,0.6376136035343835,0.5696262947064437,0.7707540069150981,
weighted_avg,0.9250119463868253,0.8597418398190217,0.8880084404310695,,
