class,precision,recall,f1,auc,support
Non-Malicious,0.9576060335108658,0.9853,0.9712556433964868,0.8088894391087207,50000.0
Malicious,0.3647363872082973,0.16212063004225893,0.22446808510638297,0.8088894391087207,2603.0
macro_avg,0.6611712103595816,0.5737103150211295,0.597861864251435,0.8088894391087207,
weighted_avg,0.9282685491596769,0.9445658992833108,0.9343017051376586,,
