class,precision,recall,f1,auc,support
Non-Malicious,0.964550533265617,0.9496,0.9570168808264047,0.8104580138301959,50000.0
Malicious,0.2539964476021314,0.3296196696119862,0.28690854372178565,0.8104580138301959,2603.0
macro_avg,0.6092734904338742,0.6396098348059931,0.6219627122740952,0.8104580138301959,
weighted_avg,0.9293895674465182,0.9189209740889303,0.923857327160581,,
