{
  "model": "Model 1: Address Classification",
  "dataset": "features/datasets/address_transfer_features_eth_3.csv",
  "n_samples": 19100,
  "n_features": 16,
  "class_names": [
    "Non-Malicious",
    "Phishing",
    "Exploit",
    "Sanctioned",
    "Tornado"
  ],
  "class_distribution": {
    "Non-Malicious": 17101,
    "Phishing": 1085,
    "Exploit": 37,
    "Sanctioned": 12,
    "Tornado": 865
  },
  "baseline_accuracy": 0.8953403141361257,
  "classifiers": {
    "RandomForest": {
      "accuracy": {
        "mean": 0.9607853403141361,
        "std": 0.0028838616448001032
      },
      "per_class": {
        "Non-Malicious": {
          "precision": 0.9864753616370693,
          "recall": 0.9809952634348869,
          "f1": 0.9837276805347875,
          "support": 17101.0,
          "auc": 0.9872520319571516
        },
        "Phishing": {
          "precision": 0.7462006079027356,
          "recall": 0.9050691244239631,
          "f1": 0.8179925031236984,
          "support": 1085.0,
          "auc": 0.9934114044747655
        },
        "Exploit": {
          "precision": 0.45,
          "recall": 0.24324324324324326,
          "f1": 0.3157894736842105,
          "support": 37.0,
          "auc": 0.9781648616039844
        },
        "Sanctioned": {
          "precision": 0.3333333333333333,
          "recall": 0.08333333333333333,
          "f1": 0.13333333333333333,
          "support": 12.0,
          "auc": 0.8535969369935735
        },
        "Tornado": {
          "precision": 0.7721854304635761,
          "recall": 0.6739884393063584,
          "f1": 0.7197530864197531,
          "support": 865.0,
          "auc": 0.9746219158671868
        },
        "macro_avg": {
          "precision": 0.6576389466673429,
          "recall": 0.5773258807483571,
          "f1": 0.5941192154191566,
          "auc": 0.9574094301793323
        },
        "weighted_avg": {
          "precision": 0.9616718961403656,
          "recall": 0.9607853403141361,
          "f1": 0.9605298199473307
        }
      }
    },
    "LogisticRegression": {
      "accuracy": {
        "mean": 0.8889528795811519,
        "std": 0.009992184660175745
      },
      "per_class": {
        "Non-Malicious": {
          "precision": 0.9797067376105921,
          "recall": 0.9259692415648207,
          "f1": 0.9520803270803271,
          "support": 17101.0,
          "auc": 0.9055985802386017
        },
        "Phishing": {
          "precision": 0.6598984771573604,
          "recall": 0.8387096774193549,
          "f1": 0.7386363636363636,
          "support": 1085.0,
          "auc": 0.9451112552135893
        },
        "Exploit": {
          "precision": 0.05019305019305019,
          "recall": 0.35135135135135137,
          "f1": 0.08783783783783784,
          "support": 37.0,
          "auc": 0.8003965514063609
        },
        "Sanctioned": {
          "precision": 0.005025125628140704,
          "recall": 0.25,
          "f1": 0.009852216748768473,
          "support": 12.0,
          "auc": 0.7661925468007824
        },
        "Tornado": {
          "precision": 0.31054131054131057,
          "recall": 0.2520231213872832,
          "f1": 0.2782386726228462,
          "support": 865.0,
          "auc": 0.5547939790563469
        },
        "macro_avg": {
          "precision": 0.40107294022609075,
          "recall": 0.5236106783445621,
          "f1": 0.4133290835852287,
          "auc": 0.7944185825431362
        },
        "weighted_avg": {
          "precision": 0.9288214892972454,
          "recall": 0.8889528795811519,
          "f1": 0.9071722935270092
        }
      }
    },
    "XGBoost": {
      "accuracy": {
        "mean": 0.961413612565445,
        "std": 0.003028514107639698
      },
      "per_class": {
        "Non-Malicious": {
          "precision": 0.9902152641878669,
          "recall": 0.9764341266592597,
          "f1": 0.983276410316806,
          "support": 17101.0,
          "auc": 0.9897066830590899
        },
        "Phishing": {
          "precision": 0.7561890472618155,
          "recall": 0.9290322580645162,
          "f1": 0.8337468982630273,
          "support": 1085.0,
          "auc": 0.994684332436743
        },
        "Exploit": {
          "precision": 0.391304347826087,
          "recall": 0.24324324324324326,
          "f1": 0.3,
          "support": 37.0,
          "auc": 0.9697404481016714
        },
        "Sanctioned": {
          "precision": 0.2222222222222222,
          "recall": 0.16666666666666666,
          "f1": 0.19047619047619047,
          "support": 12.0,
          "auc": 0.9494010198379436
        },
        "Tornado": {
          "precision": 0.7408256880733946,
          "recall": 0.7468208092485549,
          "f1": 0.743811168681635,
          "support": 865.0,
          "auc": 0.9740957410556781
        },
        "macro_avg": {
          "precision": 0.6201513139142772,
          "recall": 0.6124394207764481,
          "f1": 0.6102621335475318,
          "auc": 0.9755256448982254
        },
        "weighted_avg": {
          "precision": 0.9639840574280364,
          "recall": 0.961413612565445,
          "f1": 0.9621155839077701
        }
      }
    }
  }
}