{
  "model": "Model 3: Hybrid Multi-Output Classification",
  "dataset": "features/datasets/cross_chain_labeled_transactions_enriched_probs_v3.csv",
  "n_samples": 52594,
  "n_features": 10,
  "class_names": [
    "Non-Malicious",
    "Phishing",
    "Exploit",
    "Sanctioned",
    "Tornado"
  ],
  "source_class_distribution": {
    "Non-Malicious": 50390,
    "Phishing": 329,
    "Exploit": 28,
    "Sanctioned": 14,
    "Tornado": 1833
  },
  "recipient_class_distribution": {
    "Non-Malicious": 47713,
    "Phishing": 2701,
    "Exploit": 416,
    "Sanctioned": 50,
    "Tornado": 1714
  },
  "source_baseline_accuracy": 0.9580940791725292,
  "recipient_baseline_accuracy": 0.9071947370422482,
  "classifiers": {
    "RandomForest": {
      "source_accuracy": {
        "mean": 0.9192683576073316,
        "std": 0.0030461048839775726
      },
      "recipient_accuracy": {
        "mean": 0.8663155493022018,
        "std": 0.0030066492087282852
      },
      "exact_match": {
        "mean": 0.8012510615394909,
        "std": 0.004435462715905982
      },
      "source_per_class": {
        "Non-Malicious": {
          "precision": 0.9634910434573059,
          "recall": 0.9521333597936098,
          "f1": 0.957778531930609,
          "support": 50390.0,
          "auc": 0.8014340908607958
        },
        "Phishing": {
          "precision": 0.1388888888888889,
          "recall": 0.015197568389057751,
          "f1": 0.0273972602739726,
          "support": 329.0,
          "auc": 0.786455132643237
        },
        "Exploit": {
          "precision": 0.0,
          "recall": 0.0,
          "f1": 0.0,
          "support": 28.0,
          "auc": 0.7083734189943527
        },
        "Sanctioned": {
          "precision": 0.0,
          "recall": 0.0,
          "f1": 0.0,
          "support": 14.0,
          "auc": 0.620671901320437
        },
        "Tornado": {
          "precision": 0.13215061549601737,
          "recall": 0.19912711402073105,
          "f1": 0.1588683351468988,
          "support": 1833.0,
          "auc": 0.8071283219964964
        },
        "macro_avg": {
          "precision": 0.2469061095684424,
          "recall": 0.2332916084406797,
          "f1": 0.2288088254702961,
          "auc": 0.7448125731630638
        },
        "weighted_avg": {
          "precision": 0.928589576804622,
          "recall": 0.9192683576073316,
          "f1": 0.9233501840692435
        }
      },
      "recipient_per_class": {
        "Non-Malicious": {
          "precision": 0.9364760663861418,
          "recall": 0.9188900299708674,
          "f1": 0.9275997037977362,
          "support": 47713.0,
          "auc": 0.8161608317655891
        },
        "Phishing": {
          "precision": 0.4861899356791525,
          "recall": 0.4757497223250648,
          "f1": 0.4809131736526946,
          "support": 2701.0,
          "auc": 0.8942744470575398
        },
        "Exploit": {
          "precision": 0.12144702842377261,
          "recall": 0.11298076923076923,
          "f1": 0.11706102117061021,
          "support": 416.0,
          "auc": 0.8364357482301708
        },
        "Sanctioned": {
          "precision": 0.07692307692307693,
          "recall": 0.14,
          "f1": 0.09929078014184398,
          "support": 50.0,
          "auc": 0.8578646467722291
        },
        "Tornado": {
          "precision": 0.1434487951807229,
          "recall": 0.22228704784130687,
          "f1": 0.17437070938215102,
          "support": 1714.0,
          "auc": 0.8300607728712124
        },
        "macro_avg": {
          "precision": 0.35289698051857327,
          "recall": 0.3739815138736016,
          "f1": 0.35984707762900714,
          "auc": 0.8469592893393483
        },
        "weighted_avg": {
          "precision": 0.8802433913442899,
          "recall": 0.8663155493022018,
          "f1": 0.8729141055830016
        }
      }
    },
    "LogisticRegression": {
      "source_accuracy": {
        "mean": 0.7729588926493517,
        "std": 0.020538766838524375
      },
      "recipient_accuracy": {
        "mean": 0.044529794273111004,
        "std": 0.0026961444086593313
      },
      "exact_match": {
        "mean": 0.030516794454518964,
        "std": 0.0004297692720760893
      },
      "source_per_class": {
        "Non-Malicious": {
          "precision": 0.9649889551317071,
          "recall": 0.8062512403254614,
          "f1": 0.8785070979879124,
          "support": 50390.0,
          "auc": 0.5257901255866673
        },
        "Phishing": {
          "precision": 0.0051529790660225444,
          "recall": 0.0486322188449848,
          "f1": 0.009318578916715201,
          "support": 329.0,
          "auc": 0.5372557782890968
        },
        "Exploit": {
          "precision": 0.0013535462912831618,
          "recall": 0.35714285714285715,
          "f1": 0.002696871628910464,
          "support": 28.0,
          "auc": 0.4758793027540888
        },
        "Sanctioned": {
          "precision": 0.0,
          "recall": 0.0,
          "f1": 0.0,
          "support": 14.0,
          "auc": 0.7304366135956093
        },
        "Tornado": {
          "precision": 0.0,
          "recall": 0.0,
          "f1": 0.0,
          "support": 1833.0,
          "auc": 0.470899349435686
        },
        "macro_avg": {
          "precision": 0.19429909609780255,
          "recall": 0.24240526326266068,
          "f1": 0.1781045097067076,
          "auc": 0.5480522339322296
        },
        "weighted_avg": {
          "precision": 0.9245831592671331,
          "recall": 0.7729588926493517,
          "f1": 0.841752176911437
        }
      },
      "recipient_per_class": {
        "Non-Malicious": {
          "precision": 0.0,
          "recall": 0.0,
          "f1": 0.0,
          "support": 47713.0,
          "auc": 0.48081995102580866
        },
        "Phishing": {
          "precision": 0.04827249782604085,
          "recall": 0.8426508700481303,
          "f1": 0.09131394182547643,
          "support": 2701.0,
          "auc": 0.4156717849355711
        },
        "Exploit": {
          "precision": 0.01509813789632612,
          "recall": 0.14423076923076922,
          "f1": 0.02733485193621868,
          "support": 416.0,
          "auc": 0.5033917966089452
        },
        "Sanctioned": {
          "precision": 0.004103967168262654,
          "recall": 0.12,
          "f1": 0.007936507936507936,
          "support": 50.0,
          "auc": 0.9237136495127892
        },
        "Tornado": {
          "precision": 0.0,
          "recall": 0.0,
          "f1": 0.0,
          "support": 1714.0,
          "auc": 0.49397229530393433
        },
        "macro_avg": {
          "precision": 0.013494920578125924,
          "recall": 0.22137632785577993,
          "f1": 0.025317060339640606,
          "auc": 0.5635138954774097
        },
        "weighted_avg": {
          "precision": 0.0026023888723318467,
          "recall": 0.044529794273111004,
          "f1": 0.004913242587993007
        }
      }
    },
    "XGBoost": {
      "source_accuracy": {
        "mean": 0.9360573449442903,
        "std": 0.0026483832340321216
      },
      "recipient_accuracy": {
        "mean": 0.8809750161615394,
        "std": 0.0009602273245054775
      },
      "exact_match": {
        "mean": 0.8332129416177368,
        "std": 0.0022824290720905296
      },
      "source_per_class": {
        "Non-Malicious": {
          "precision": 0.9629279996853305,
          "recall": 0.9716610438579083,
          "f1": 0.967274810592965,
          "support": 50390.0,
          "auc": 0.806385744730125
        },
        "Phishing": {
          "precision": 0.07920792079207921,
          "recall": 0.0486322188449848,
          "f1": 0.060263653483992465,
          "support": 329.0,
          "auc": 0.8046884636600304
        },
        "Exploit": {
          "precision": 0.05555555555555555,
          "recall": 0.03571428571428571,