feature,importance
src_fee,0.20675761164121312
dst_fee_usd,0.11362705847260289
src_fee_usd,0.09516144907947038
src_timestamp,0.08927261003992765
output_amount,0.08769111634487171
dst_timestamp,0.08681672168527399
input_amount_usd,0.0850786051600697
dst_fee,0.08174802253016172
output_amount_usd,0.07970198086087295
input_amount,0.0741448241855358
