,precision,recall,f1-score,support
Non-Malicious,0.9147279252007909,0.8459576005237848,0.878999718494886,44293.0
Phishing,0.45353159851301117,0.4869375907111756,0.4696412948381452,2756.0
Exploit,0.1989795918367347,0.09285714285714286,0.1266233766233766,420.0
Sanctioned,0.04424778761061947,0.07352941176470588,0.055248618784530384,68.0
Tornado,0.3122085376061222,0.5163140201700613,0.3891207153502235,5057.0
accuracy,0.7884359432634901,0.7884359432634901,0.7884359432634901,0.7884359432634901
macro avg,0.3847390881534557,0.4031191532053741,0.38392674481823236,52594.0
weighted avg,0.8257861339548922,0.7884359432634901,0.8033727824780992,52594.0
