{
  "timestamp": "20260126_101326",
  "config": {
    "n_folds": 5,
    "seed": 40,
    "test_size": 0.33,
    "n_samples": 52594,
    "n_features": 10
  },
  "baseline": {
    "source_majority_class": 0,
    "recipient_majority_class": 0,
    "source_baseline_accuracy": 0.8870772598951432,
    "recipient_baseline_accuracy": 0.8387970271360258
  },
  "models": {
    "Random Forest": {
      "src_accuracy": {
        "mean": 0.8220518414319627,
        "std": 0.00451615026651325
      },
      "src_precision": {
        "mean": 0.27311722213308137
      },
      "src_recall": {
        "mean": 0.2726992722572326
      },
      "src_f1": {
        "mean": 0.2593916263944783
      },
      "rec_accuracy": {
        "mean": 0.7928662160075753,
        "std": 0.005106445652846034
      },
      "rec_precision": {
        "mean": 0.37591182441529647
      },
      "rec_recall": {
        "mean": 0.40718732129917806
      },
      "rec_f1": {
        "mean": 0.38403009051778614
      },
      "exact_match": {
        "mean": 0.6674145577192502,
        "std": 0.005088727561179571
      }
    },
    "Logistic Regression": {
      "src_accuracy": {
        "mean": 0.7120013710917185,
        "std": 0.014080210071315767
      },
      "src_precision": {
        "mean": 0.18203784694757477
      },
      "src_recall": {
        "mean": 0.25185266839608056
      },
      "src_f1": {
        "mean": 0.17319815762308224
      },
      "rec_accuracy": {
        "mean": 0.04745792982901972,
        "std": 0.0029181638908707713
      },
      "rec_precision": {
        "mean": 0.013679427353876181
      },
      "rec_recall": {
        "mean": 0.2254596213119268
      },
      "rec_f1": {
        "mean": 0.02562158514973239
      },
      "exact_match": {
        "mean": 0.029528094663174444,
        "std": 0.0007383231634764217
      }
    },
    "XGBoost": {
      "src_accuracy": {
        "mean": 0.8299425241634399,
        "std": 0.004403780071744579
      },
      "src_precision": {
        "mean": 0.2618098273786066
      },
      "src_recall": {
        "mean": 0.2753958576227772
      },
      "src_f1": {
        "mean": 0.26441059834233493
      },
      "rec_accuracy": {
        "mean": 0.7884360033341636,
        "std": 0.0035932744749992687
      },
      "rec_precision": {
        "mean": 0.38578903663595093
      },
      "rec_recall": {
        "mean": 0.4036280153379682
      },
      "rec_f1": {
        "mean": 0.3835397222454961
      },
      "exact_match": {
        "mean": 0.6754763232247134,
        "std": 0.004991335562267174
      }
    }
  },
  "statistical_tests": {
    "Random Forest vs Logistic Regression": {
      "source_accuracy": {
        "t_statistic": 13.281926404426983,
        "p_value": 0.00018572498593726685
      },
      "recipient_accuracy": {
        "t_statistic": 233.7513609775035,
        "p_value": 2.0094706656848e-09
      },
      "exact_match": {
        "t_statistic": 239.57119547693793,
        "p_value": 1.8212199803611176e-09
      }
    },
    "Random Forest vs XGBoost": {
      "source_accuracy": {
        "t_statistic": -4.984160139948037,
        "p_value": 0.007574949776329408
      },
      "recipient_accuracy": {
        "t_statistic": 3.181303761538794,
        "p_value": 0.033493413835655274
      },
      "exact_match": {
        "t_statistic": -3.8102280065473058,
        "p_value": 0.01893643220182837
      }
    },
    "Logistic Regression vs XGBoost": {
      "source_accuracy": {
        "t_statistic": -16.003446622788005,
        "p_value": 8.914069486217643e-05
      },
      "recipient_accuracy": {
        "t_statistic": -267.3375592886025,
        "p_value": 1.1745481507438032e-09
      },
      "exact_match": {
        "t_statistic": -268.37265745154775,
        "p_value": 1.1565328843556096e-09
      }
    }
  }
}