{
  "model": "Model 2: Transaction Classification",
  "dataset": "data/datasets/labeled_cross_chain_transactions_3.csv",
  "n_samples": 52603,
  "n_features": 8,
  "class_names": [
    "Non-Malicious",
    "Malicious"
  ],
  "class_distribution": {
    "Non-Malicious": 50000,
    "Malicious": 2603
  },
  "baseline_accuracy": 0.9505161302587305,
  "classifiers": {
    "RandomForest": {
      "accuracy": {
        "mean": 0.9445658992833108,
        "std": 0.0012836398711734461
      },
      "per_class": {
        "Non-Malicious": {
          "precision": 0.9576060335108658,
          "recall": 0.9853,
          "f1": 0.9712556433964868,
          "support": 50000.0,
          "auc": 0.8088894391087207
        },
        "Malicious": {
          "precision": 0.3647363872082973,
          "recall": 0.16212063004225893,
          "f1": 0.22446808510638297,
          "support": 2603.0,
          "auc": 0.8088894391087207
        },
        "macro_avg": {
          "precision": 0.6611712103595816,
          "recall": 0.5737103150211295,
          "f1": 0.597861864251435,
          "auc": 0.8088894391087207
        },
        "weighted_avg": {
          "precision": 0.9282685491596769,
          "recall": 0.9445658992833108,
          "f1": 0.9343017051376586
        }
      }
    },
    "LogisticRegression": {
      "accuracy": {
        "mean": 0.8597418398190217,
        "std": 0.004663259831348607
      },
      "per_class": {
        "Non-Malicious": {
          "precision": 0.965386967155835,
          "recall": 0.88414,
          "f1": 0.9229789544012026,
          "support": 50000.0,
          "auc": 0.7707540069150981
        },
        "Malicious": {
          "precision": 0.14946410218763764,
          "recall": 0.3910872070687668,
          "f1": 0.21627363501168473,
          "support": 2603.0,
          "auc": 0.7707540069150981
        },
        "macro_avg": {
          "precision": 0.5574255346717364,
          "recall": 0.6376136035343835,
          "f1": 0.5696262947064437,
          "auc": 0.7707540069150981
        },
        "weighted_avg": {
          "precision": 0.9250119463868253,
          "recall": 0.8597418398190217,
          "f1": 0.8880084404310695
        }
      }
    },
    "XGBoost": {
      "accuracy": {
        "mean": 0.9189209740889303,
        "std": 0.00241881962853398
      },
      "per_class": {
        "Non-Malicious": {
          "precision": 0.964550533265617,
          "recall": 0.9496,
          "f1": 0.9570168808264047,
          "support": 50000.0,
          "auc": 0.8104580138301959
        },
        "Malicious": {
          "precision": 0.2539964476021314,
          "recall": 0.3296196696119862,
          "f1": 0.28690854372178565,
          "support": 2603.0,
          "auc": 0.8104580138301959
        },
        "macro_avg": {
          "precision": 0.6092734904338742,
          "recall": 0.6396098348059931,
          "f1": 0.6219627122740952,
          "auc": 0.8104580138301959
        },
        "weighted_avg": {
          "precision": 0.9293895674465182,
          "recall": 0.9189209740889303,
          "f1": 0.923857327160581
        }
      }
    }
  }
}